{"cameraMode":{"drawMode":0,"name":"Shaded","section":"Shading Mode"},"sceneLighting":false,"audioPlay":false,"sceneViewState":{"m_AlwaysRefresh":false,"showFog":true,"showSkybox":false,"showFlares":true,"showImageEffects":true,"showParticleSystems":true,"showVisualEffectGraphs":true,"m_FxEnabled":true},"in2DMode":false,"pivot":{"x":-2.609999895095825,"y":1.2100000381469727,"z":-16.969999313354493},"rotation":{"x":0.012140318751335144,"y":0.9825373888015747,"z":-0.06815765053033829,"w":0.17331014573574067},"size":0.8660253882408142,"orthographic":false}