{"cameraMode":{"drawMode":0,"name":"Shaded","section":"Shading Mode"},"sceneLighting":false,"audioPlay":false,"sceneViewState":{"m_AlwaysRefresh":false,"showFog":true,"showSkybox":false,"showFlares":true,"showImageEffects":true,"showParticleSystems":true,"showVisualEffectGraphs":true,"m_FxEnabled":true},"in2DMode":false,"pivot":{"x":0.17036175727844239,"y":-10.710933685302735,"z":-4.072351932525635},"rotation":{"x":0.20734897255897523,"y":-0.19207292795181275,"z":0.04155801236629486,"w":0.9583275318145752},"size":1.7877610921859742,"orthographic":false}