{"cameraMode":{"drawMode":0,"name":"Shaded","section":"Shading Mode"},"sceneLighting":true,"audioPlay":false,"sceneViewState":{"m_AlwaysRefresh":false,"showFog":true,"showSkybox":true,"showFlares":true,"showImageEffects":true,"showParticleSystems":true,"showVisualEffectGraphs":true,"m_FxEnabled":true},"in2DMode":false,"pivot":{"x":190.57850646972657,"y":12.868182182312012,"z":-56.12981033325195},"rotation":{"x":-0.12411153316497803,"y":0.33949804306030276,"z":-0.04503875598311424,"w":-0.9315517544746399},"size":0.8190968632698059,"orthographic":false}