{"cameraMode":{"drawMode":0,"name":"Shaded","section":"Shading Mode"},"sceneLighting":true,"audioPlay":false,"sceneViewState":{"m_AlwaysRefresh":false,"showFog":true,"showSkybox":true,"showFlares":true,"showImageEffects":true,"showParticleSystems":true,"showVisualEffectGraphs":true,"m_FxEnabled":true},"in2DMode":false,"pivot":{"x":12.499311447143555,"y":0.11690644919872284,"z":0.20838838815689088},"rotation":{"x":-0.06629285216331482,"y":-0.7104750275611877,"z":0.06758289784193039,"w":-0.6973516345024109},"size":9.63371467590332,"orthographic":false}